, black,2023-11-27 18:14:04.070556
GGGG, black,2023-11-20
GGYG, black,2023-11-20
GYG, black,2023-11-20
GGGG, black,2023-11-20
VVV, black,2023-11-24
VVG, black,2023-11-24
VGG, black,2023-11-24
VGV, black,2023-11-24
GGV, black,2023-11-24
GVV, black,2023-11-24
GVGV, black,2023-11-24
BBBB, black,2023-11-27 18:14:04.070556
BB, black,2023-11-27 18:14:49.454619
BBBO, black,2023-11-27 18:20:27.421809
BOO, black,2023-11-27
BBO, black,2023-11-27
OOBB, black,2023-11-27
BBOO, black,2023-11-27
BO, black,2023-11-27
OOB, black,2023-11-27
VOOV, black,2023-11-27
OVV, black,2023-11-27
OVVO, black,2023-11-27
